KA50ME7056,Ayan,ACCESS GRANTED,2026-04-15 15:22:13
KA50ME7056,Ayan,ACCESS GRANTED,2026-04-15 15:22:39
KA44X0853,Unknown,NOT FOUND,2026-04-15 15:22:51
KA50M7705,Unknown,NOT FOUND,2026-04-15 15:26:31
KA50ME7056,Ayan,ACCESS GRANTED,2026-04-15 15:26:44
KA44X0853,Unknown,NOT FOUND,2026-04-15 15:26:55
KA50ME7056,Ayan,ACCESS GRANTED,2026-04-15 15:27:05
KA50ME7056,Ayan,ACCESS GRANTED,2026-04-15 15:27:48
KA44X0853,Unknown,NOT FOUND,2026-04-15 15:28:02
KA50ME7056,Ayan,ACCESS GRANTED,2026-04-15 15:28:12
KA50ME7056,Ayan,ACCESS GRANTED,2026-04-15 15:28:32
KA50ME7056,Ayan,ACCESS GRANTED,2026-04-15 15:42:16
KA44X0853,Unknown,NOT FOUND,2026-04-15 15:42:33
KA50ME7056,Ayan,ACCESS GRANTED,2026-04-18 10:52:00
KA44X0853,Unknown,NOT FOUND,2026-04-18 10:52:12
KA50ME7056,Ayan,ACCESS GRANTED,2026-04-18 10:52:23
KA44X0853,Unknown,NOT FOUND,2026-04-18 10:52:36
KA50ME7056,Ayan,ACCESS GRANTED,2026-04-18 11:11:22
KA44X0853,Unknown,NOT FOUND,2026-04-18 11:11:33
KA44E88680,Unknown,NOT FOUND,2026-04-18 11:11:45
KA50ME7056,Ayan,ACCESS GRANTED,2026-04-18 11:12:11
KA50ME7056,Ayan,ACCESS GRANTED,2026-04-18 11:12:29
KA44X0853,Unknown,NOT FOUND,2026-04-18 11:12:37
KA44EB8680,Unknown,NOT FOUND,2026-04-18 11:12:46
KA50ME7056,Ayan,ACCESS GRANTED,2026-04-18 11:20:12
KA50ME7056,Ayan,ACCESS GRANTED,2026-04-18 11:20:20
KA44X0853,Unknown,NOT FOUND,2026-04-18 11:20:31
KA44X0853,Unknown,NOT FOUND,2026-04-18 11:20:38
KA50ME7056,Ayan,ACCESS GRANTED,2026-04-18 11:20:46
KA50ME7056,Ayan,ACCESS GRANTED,2026-04-18 11:47:29
KA50ME7056,Ayan,ACCESS GRANTED,2026-04-18 11:48:18
KA44X0853,Unknown,NOT FOUND,2026-04-18 11:49:18
KA50ME7056,Ayan,ACCESS GRANTED,2026-04-18 11:49:32
KA44X0853,Unknown,NOT FOUND,2026-04-18 11:49:47
KA50ME7056,Ayan,ACCESS GRANTED,2026-04-18 11:50:16
KA50ME7056,Ayan,ACCESS GRANTED,2026-04-18 11:50:20
KA44X0853,Unknown,NOT FOUND,2026-04-18 11:50:46
KA50ME7056,Ayan,ACCESS GRANTED,2026-04-18 11:51:32
KA44X0853,Unknown,NOT FOUND,2026-04-18 11:51:41
KA50ME7056,Ayan,ACCESS GRANTED,2026-04-18 11:51:49
KA44X0853,Unknown,NOT FOUND,2026-04-18 11:52:42
KA44X0853,Unknown,NOT FOUND,2026-04-18 11:52:49
KA50ME7056,Ayan,ACCESS GRANTED,2026-04-18 11:52:53
KA44X0853,Unknown,NOT FOUND,2026-04-18 11:53:22
KA50ME7056,Ayan,ACCESS GRANTED,2026-04-18 11:53:35
KA50ME7056,Ayan,ACCESS GRANTED,2026-04-18 12:00:46
KA50ME7056,Ayan,ACCESS GRANTED,2026-04-18 12:02:33
KA44X0853,Unknown,NOT FOUND,2026-04-18 12:05:00
KA50ME7056,Ayan,ACCESS GRANTED,2026-04-18 12:05:57
KA44X0853,Unknown,NOT FOUND,2026-04-18 12:07:56
KA50ME7056,Ayan,ACCESS GRANTED,2026-04-18 12:08:08
KA44X0853,Unknown,NOT FOUND,2026-04-18 12:08:24
